date,price
2025-05-15,3151.0
2025-05-16,3227.699951171875
2025-05-19,3234.39990234375
2025-05-20,3219.0
2025-05-21,3293.39990234375
2025-05-22,3327.300048828125
2025-05-23,3328.0
2025-05-27,3332.5
2025-05-28,3293.60009765625
2025-05-29,3283.699951171875
2025-05-30,3315.10009765625
2025-06-02,3296.89990234375
2025-06-03,3385.10009765625
2025-06-04,3355.0
2025-06-05,3371.5
2025-06-06,3364.300048828125
2025-06-09,3315.60009765625
2025-06-10,3302.0
2025-06-11,3328.0
2025-06-12,3363.0
2025-06-13,3407.300048828125
2025-06-16,3442.0
2025-06-17,3398.300048828125
2025-06-18,3385.300048828125
2025-06-20,3350.0
2025-06-23,3365.89990234375
2025-06-24,3358.0
2025-06-25,3321.60009765625
2025-06-26,3332.39990234375
2025-06-27,3318.699951171875
2025-06-30,3265.89990234375
2025-07-01,3310.10009765625
2025-07-02,3329.0
2025-07-03,3362.0
2025-07-04,3342.0
2025-07-07,3305.5
2025-07-08,3330.39990234375
2025-07-09,3289.39990234375
2025-07-10,3323.60009765625
2025-07-11,3330.5
2025-07-14,3367.0
2025-07-15,3341.0
2025-07-16,3341.199951171875
2025-07-17,3313.800048828125
2025-07-18,3338.199951171875
2025-07-21,3350.300048828125
2025-07-22,3411.0
2025-07-23,3430.300048828125
2025-07-24,3367.0
2025-07-25,3344.0
2025-07-28,3326.60009765625
2025-07-29,3323.39990234375
2025-07-30,3325.800048828125
2025-07-31,3272.89990234375
2025-08-01,3286.199951171875
2025-08-04,3367.60009765625
2025-08-05,3378.5
2025-08-06,3380.699951171875
2025-08-07,3384.89990234375
2025-08-08,3438.800048828125
2025-08-11,3383.89990234375
2025-08-12,3356.199951171875
2025-08-13,3358.800048828125
2025-08-14,3346.800048828125
2025-08-15,3346.800048828125
2025-08-18,3333.5
2025-08-19,3330.199951171875
2025-08-20,3310.60009765625
2025-08-21,3349.39990234375
2025-08-22,3349.39990234375
2025-08-25,3366.0
2025-08-26,3378.89990234375
2025-08-27,3397.0
2025-08-28,3409.0
2025-08-29,3432.5
2025-09-02,3485.699951171875
2025-09-03,3554.800048828125
2025-09-04,3549.89990234375
2025-09-05,3567.800048828125
2025-09-08,3594.5
2025-09-09,3647.10009765625
2025-09-10,3625.0
2025-09-11,3632.89990234375
2025-09-12,3655.5
2025-09-15,3640.0
2025-09-16,3681.39990234375
2025-09-17,3669.0
2025-09-18,3654.60009765625
2025-09-19,3659.0
2025-09-22,3688.199951171875
2025-09-23,3747.0
2025-09-24,3769.800048828125
2025-09-25,3742.800048828125
2025-09-26,3775.300048828125
2025-09-29,3754.800048828125
2025-09-30,3827.5
2025-10-01,3863.5
2025-10-02,3856.199951171875
2025-10-03,3855.199951171875
2025-10-06,3931.300048828125
2025-10-07,3959.39990234375
2025-10-08,3987.199951171875
2025-10-09,4011.199951171875
2025-10-10,3957.0
2025-10-13,4016.0
2025-10-14,4131.7001953125
2025-10-15,4145.0
2025-10-16,4198.7998046875
2025-10-17,4354.7001953125
2025-10-20,4244.10009765625
2025-10-21,4332.7001953125
2025-10-22,4109.7001953125
2025-10-23,4078.39990234375
2025-10-24,4117.5
2025-10-27,4060.0
2025-10-28,3929.699951171875
2025-10-29,3983.699951171875
2025-10-30,3960.0
2025-10-31,4034.5
2025-11-03,3976.199951171875
2025-11-04,3994.199951171875
2025-11-05,3929.89990234375
2025-11-06,4004.0
2025-11-07,3980.800048828125
2025-11-10,4060.0
2025-11-11,4140.10009765625
2025-11-12,4115.60009765625
2025-11-13,4228.7001953125
2025-11-14,4197.7001953125
2025-11-17,4070.0
2025-11-18,4037.39990234375
2025-11-19,4086.10009765625
2025-11-20,4045.0
2025-11-21,4031.800048828125
2025-11-24,4060.5
2025-11-25,4139.2001953125
2025-11-26,4128.60009765625
2025-11-28,4163.39990234375
2025-12-01,4218.5
2025-12-02,4230.5
2025-12-03,4215.7001953125
2025-12-04,4211.0
2025-12-05,4204.10009765625
2025-12-08,4205.5
2025-12-09,4190.7001953125
2025-12-10,4209.0
2025-12-11,4224.0
2025-12-12,4276.39990234375
2025-12-15,4308.2998046875
2025-12-16,4270.5
2025-12-17,4308.5
2025-12-18,4331.0
2025-12-19,4350.10009765625
2025-12-22,4371.10009765625
2025-12-23,4503.2998046875
2025-12-24,4500.7001953125
2025-12-26,4512.0
2025-12-29,4371.5
2025-12-30,4346.39990234375
2025-12-31,4333.5
2026-01-02,4350.60009765625
2026-01-05,4386.7001953125
2026-01-06,4449.7001953125
2026-01-07,4450.0
2026-01-08,4460.2001953125
2026-01-09,4473.0
2026-01-12,4579.10009765625
2026-01-13,4578.60009765625
2026-01-14,4610.2998046875
2026-01-15,4612.89990234375
2026-01-16,4608.0
2026-01-20,4662.2001953125
2026-01-21,4863.5
2026-01-22,4791.89990234375
2026-01-23,4949.60009765625
2026-01-26,5081.5
2026-01-27,5079.89990234375
2026-01-28,5301.60009765625
2026-01-29,5415.7001953125
2026-01-30,5376.39990234375
2026-02-02,4807.7001953125
2026-02-03,4680.0
2026-02-04,4923.2998046875
2026-02-05,5008.7001953125
2026-02-06,4762.0
2026-02-09,5017.39990234375
2026-02-10,5013.5
2026-02-11,5049.89990234375
2026-02-12,5060.39990234375
2026-02-13,4953.0
2026-02-17,5020.0
2026-02-18,4872.2001953125
2026-02-19,5014.7001953125
2026-02-20,5039.5
2026-02-23,5120.2998046875
2026-02-24,5158.7998046875
2026-02-25,5166.0
2026-02-26,5177.2001953125
2026-02-27,5186.7001953125
2026-03-02,5346.60009765625
2026-03-03,5298.7001953125
2026-03-04,5130.7001953125
2026-03-05,5169.5
2026-03-06,5121.0
2026-03-09,5155.0
2026-03-10,5138.2001953125
2026-03-11,5190.7998046875
2026-03-12,5137.2001953125
2026-03-13,5089.60009765625
2026-03-16,5001.60009765625
2026-03-17,5017.60009765625
2026-03-18,4949.60009765625
2026-03-19,4830.2998046875
2026-03-20,4686.89990234375
2026-03-23,4353.0
2026-03-24,4338.7001953125
2026-03-25,4549.0
2026-03-26,4441.5
2026-03-27,4492.0
2026-03-30,4482.7998046875
2026-03-31,4510.0
2026-04-01,4668.39990234375
2026-04-02,4764.89990234375
2026-04-06,4656.10009765625
2026-04-07,4624.89990234375
2026-04-08,4760.0
2026-04-09,4711.0
2026-04-10,4745.89990234375
2026-04-13,4704.0
2026-04-14,4770.10009765625
2026-04-15,4843.60009765625
2026-04-16,4810.89990234375
2026-04-17,4771.60009765625
2026-04-20,4793.89990234375
2026-04-21,4698.39990234375
2026-04-22,4754.2001953125
2026-04-23,4711.5
2026-04-24,4695.0
2026-04-27,4707.60009765625
2026-04-28,4680.89990234375
2026-04-29,4598.60009765625
2026-04-30,4561.89990234375
2026-05-01,4636.7001953125
2026-05-04,4581.2001953125
2026-05-05,4547.60009765625
2026-05-06,4663.60009765625
2026-05-07,4704.7998046875
2026-05-08,4714.39990234375
2026-05-11,4729.5
2026-05-12,4762.2001953125
2026-05-13,4722.7001953125
2026-05-14,4678.10009765625
